-- ============================================
-- 费用管理模块测试数据
-- ============================================

-- 插入测试老人数据（如果不存在）
INSERT IGNORE INTO elderly (id, name, gender, birthday, id_card, phone, address, health_status, emergency_contact, emergency_phone, room_id, check_in_time, status, notes, create_time, update_time) VALUES
(1, '张大爷', 1, '1945-03-15', '110101194503151234', '13800138001', '北京市朝阳区', '高血压、糖尿病', '张小明', '13900139001', 1, '2024-01-15 10:00:00', 1, '', NOW(), NOW()),
(2, '李奶奶', 2, '1948-07-20', '110101194807201234', '13800138002', '北京市海淀区', '心脏病', '李小红', '13900139002', 2, '2024-02-01 14:00:00', 1, '', NOW(), NOW()),
(3, '王爷爷', 1, '1942-11-08', '110101194211081234', '13800138003', '北京市西城区', '关节炎', '王大伟', '13900139003', 3, '2024-01-20 09:00:00', 1, '', NOW(), NOW()),
(4, '赵奶奶', 2, '1950-05-12', '110101195005121234', '13800138004', '北京市东城区', '高血压', '赵小丽', '13900139004', 4, '2024-03-01 15:00:00', 1, '', NOW(), NOW()),
(5, '刘大爷', 1, '1943-09-25', '110101194309251234', '13800138005', '北京市丰台区', '糖尿病', '刘小强', '13900139005', 5, '2024-02-15 11:00:00', 1, '', NOW(), NOW());

-- 老人费用账户
INSERT IGNORE INTO fee_account (elderly_id, balance, total_paid, total_consumed, status, create_time, update_time) VALUES
(1, 5000.00, 15000.00, 10000.00, 1, NOW(), NOW()),
(2, 2000.00, 12000.00, 10000.00, 1, NOW(), NOW()),
(3, 0.00, 10000.00, 10000.00, 1, NOW(), NOW()),
(4, -1500.00, 8500.00, 10000.00, 1, NOW(), NOW()),
(5, 8000.00, 18000.00, 10000.00, 1, NOW(), NOW());

-- 费用账单数据（使用2026年数据，与当前日期匹配）
INSERT IGNORE INTO fee_bill (bill_no, elderly_id, bill_month, bill_start_date, bill_end_date, room_fee, care_fee, meal_fee, medical_fee, other_fee, total_amount, discount_amount, payable_amount, paid_amount, status, due_date, remark, create_time, update_time) VALUES
('BILL202602001', 1, '2026-02', '2026-02-01', '2026-02-28', 3000.00, 1500.00, 1200.00, 0.00, 200.00, 5900.00, 0.00, 5900.00, 5900.00, 2, '2026-02-10', '单人间+一级护理', NOW(), NOW()),
('BILL202602002', 2, '2026-02', '2026-02-01', '2026-02-28', 2000.00, 2500.00, 1200.00, 300.00, 100.00, 6100.00, 100.00, 6000.00, 6000.00, 2, '2026-02-10', '双人间+二级护理', NOW(), NOW()),
('BILL202602003', 3, '2026-02', '2026-02-01', '2026-02-28', 2000.00, 1500.00, 1200.00, 0.00, 0.00, 4700.00, 0.00, 4700.00, 3000.00, 1, '2026-02-10', '部分缴费', NOW(), NOW()),
('BILL202602004', 4, '2026-02', '2026-02-01', '2026-02-28', 5000.00, 4000.00, 1200.00, 500.00, 300.00, 11000.00, 0.00, 11000.00, 0.00, 0, '2026-02-10', '待缴费', NOW(), NOW()),
('BILL202602005', 5, '2026-02', '2026-02-01', '2026-02-28', 3000.00, 2500.00, 1200.00, 0.00, 0.00, 6700.00, 200.00, 6500.00, 6500.00, 2, '2026-02-10', '单人间+二级护理', NOW(), NOW()),
('BILL202601001', 1, '2026-01', '2026-01-01', '2026-01-31', 3000.00, 1500.00, 1200.00, 0.00, 200.00, 5900.00, 0.00, 5900.00, 5900.00, 2, '2026-01-10', '1月账单', NOW(), NOW()),
('BILL202601002', 2, '2026-01', '2026-01-01', '2026-01-31', 2000.00, 2500.00, 1200.00, 200.00, 100.00, 6000.00, 0.00, 6000.00, 6000.00, 2, '2026-01-10', '1月账单', NOW(), NOW());

-- 缴费记录数据
INSERT IGNORE INTO fee_payment (payment_no, bill_id, elderly_id, payment_amount, payment_method, payment_type, transaction_no, payer_name, payer_phone, receipt_no, status, remark, create_time, update_time) VALUES
('PAY202602001', 1, 1, 5900.00, 3, 1, 'WX20260201001', '张三', '13800138001', 'REC001', 1, '微信支付', NOW(), NOW()),
('PAY202602002', 2, 2, 6000.00, 2, 1, 'BK20260201002', '李四', '13800138002', 'REC002', 1, '银行转账', NOW(), NOW()),
('PAY202602003', 3, 3, 3000.00, 1, 1, NULL, '王五', '13800138003', 'REC003', 1, '现金缴费', NOW(), NOW()),
('PAY202602004', 5, 5, 6500.00, 4, 1, 'ZFB20260201004', '赵六', '13800138005', 'REC004', 1, '支付宝', NOW(), NOW()),
('PAY202601001', 6, 1, 5900.00, 3, 1, 'WX20260101001', '张三', '13800138001', 'REC005', 1, '1月缴费', NOW(), NOW()),
('PAY202601002', 7, 2, 6000.00, 2, 1, 'BK20260101002', '李四', '13800138002', 'REC006', 1, '1月缴费', NOW(), NOW());
