-- ============================================
-- 各模块测试数据
-- 为每个老人创建独立的测试数据
-- ============================================

-- ============================================
-- 1. 健康档案数据 (health_record)
-- ============================================
INSERT IGNORE INTO health_record (id, elderly_id, check_date, height, weight, systolic_pressure, diastolic_pressure, blood_sugar, heart_rate, temperature, health_status, diagnosis, doctor, notes, create_time, update_time) VALUES
(1, 1, '2026-02-01', 170.0, 65.0, 130, 85, 6.5, 72, 36.5, 1, '血压略高，需控制饮食', '李医生', '定期监测血压', NOW(), NOW()),
(2, 1, '2026-02-10', 170.0, 64.5, 128, 82, 6.3, 70, 36.4, 1, '血压有所下降', '李医生', '继续控制饮食', NOW(), NOW()),
(3, 2, '2026-02-02', 158.0, 55.0, 125, 80, 5.8, 68, 36.6, 1, '心脏病稳定', '王医生', '按时服药', NOW(), NOW()),
(4, 2, '2026-02-12', 158.0, 54.8, 122, 78, 5.9, 70, 36.5, 1, '情况良好', '王医生', '定期复查', NOW(), NOW()),
(5, 3, '2026-02-03', 165.0, 70.0, 135, 88, 7.0, 75, 36.7, 2, '关节炎发作，行动不便', '张医生', '物理治疗', NOW(), NOW()),
(6, 3, '2026-02-13', 165.0, 69.5, 132, 85, 6.8, 73, 36.6, 1, '关节疼痛减轻', '张医生', '继续康复训练', NOW(), NOW()),
(7, 4, '2026-02-04', 160.0, 60.0, 140, 90, 7.2, 78, 36.8, 2, '高血压需注意', '李医生', '按时服药', NOW(), NOW()),
(8, 4, '2026-02-14', 160.0, 59.5, 138, 88, 7.0, 76, 36.7, 2, '血压仍偏高', '李医生', '加强监测', NOW(), NOW()),
(9, 5, '2026-02-05', 168.0, 72.0, 138, 86, 8.5, 74, 36.6, 2, '血糖偏高，需注射胰岛素', '王医生', '饮食控制', NOW(), NOW()),
(10, 5, '2026-02-15', 168.0, 71.5, 135, 84, 8.2, 72, 36.5, 2, '血糖控制中', '王医生', '继续监测', NOW(), NOW());

-- ============================================
-- 2. 健康报告数据 (health_report)
-- ============================================
INSERT IGNORE INTO health_report (id, elderly_id, report_type, report_date, start_date, end_date, health_score, overall_assessment, recommendations, doctor_name, doctor_id, status, create_time, update_time) VALUES
(1, 1, 1, '2026-02-01', '2026-01-01', '2026-01-31', 85, '整体健康状况良好，血压略高', '建议低盐饮食，适量运动', '李医生', 1, 1, NOW(), NOW()),
(2, 2, 1, '2026-02-02', '2026-01-01', '2026-01-31', 88, '心脏病稳定，无异常', '继续保持，定期复查', '王医生', 2, 1, NOW(), NOW()),
(3, 3, 1, '2026-02-03', '2026-01-01', '2026-01-31', 75, '关节炎症状明显，需关注', '建议物理治疗，适当休息', '张医生', 3, 1, NOW(), NOW()),
(4, 4, 1, '2026-02-04', '2026-01-01', '2026-01-31', 78, '高血压，需长期服药', '按时服药，监测血压', '李医生', 1, 1, NOW(), NOW()),
(5, 5, 1, '2026-02-05', '2026-01-01', '2026-01-31', 72, '糖尿病控制一般', '严格控制饮食，监测血糖', '王医生', 2, 1, NOW(), NOW());

-- ============================================
-- 3. 活动报名数据 (activity_signup)
-- ============================================
INSERT IGNORE INTO activity_signup (id, activity_id, activity_title, elderly_id, elderly_name, elderly_phone, room_number, emergency_contact_name, emergency_contact_phone, health_status, special_requirements, signup_source, status, create_time, update_time) VALUES
(1, 1, '太极拳晨练活动', 1, '张大爷', '13800138001', '201', '张小明', '13900139001', '高血压', '需要休息区', 1, 1, NOW(), NOW()),
(2, 2, '象棋比赛', 1, '张大爷', '13800138001', '201', '张小明', '13900139001', '高血压', '无', 1, 1, NOW(), NOW()),
(3, 3, '合唱活动', 2, '李奶奶', '13800138002', '202', '李小红', '13900139002', '心脏病', '需要座位', 1, 1, NOW(), NOW()),
(4, 4, '书法绘画', 2, '李奶奶', '13800138002', '202', '李小红', '13900139002', '心脏病', '无', 1, 1, NOW(), NOW()),
(5, 1, '太极拳晨练活动', 3, '王爷爷', '13800138003', '203', '王大伟', '13900139003', '关节炎', '动作幅度小', 1, 1, NOW(), NOW()),
(6, 5, '手工制作', 3, '王爷爷', '13800138003', '203', '王大伟', '13900139003', '关节炎', '无', 1, 1, NOW(), NOW()),
(7, 2, '象棋比赛', 4, '赵奶奶', '13800138004', '204', '赵小丽', '13900139004', '高血压', '无', 1, 1, NOW(), NOW()),
(8, 3, '合唱活动', 4, '赵奶奶', '13800138004', '204', '赵小丽', '13900139004', '高血压', '无', 1, 1, NOW(), NOW()),
(9, 4, '书法绘画', 5, '刘大爷', '13800138005', '205', '刘小强', '13900139005', '糖尿病', '需要零食', 1, 1, NOW(), NOW()),
(10, 5, '手工制作', 5, '刘大爷', '13800138005', '205', '刘小强', '13900139005', '糖尿病', '无', 1, 1, NOW(), NOW());

-- ============================================
-- 4. 活动反馈数据 (activity_feedback)
-- ============================================
INSERT IGNORE INTO activity_feedback (id, activity_id, activity_title, signup_id, elderly_id, elderly_name, satisfaction_score, organization_score, content_score, staff_score, overall_score, is_would_recommend, feedback_content, feedback_time, create_time, update_time) VALUES
(1, 1, '太极拳晨练活动', 1, 1, '张大爷', 5, 5, 5, 5, 5.0, 1, '太极拳活动很好，老师很专业', NOW(), NOW(), NOW()),
(2, 2, '象棋比赛', 2, 1, '张大爷', 4, 4, 5, 4, 4.2, 1, '象棋比赛很有趣，赢了2局', NOW(), NOW(), NOW()),
(3, 3, '合唱活动', 3, 2, '李奶奶', 5, 5, 5, 5, 5.0, 1, '合唱活动很开心，认识了很多朋友', NOW(), NOW(), NOW()),
(4, 1, '太极拳晨练活动', 5, 3, '王爷爷', 4, 4, 4, 4, 4.0, 1, '太极拳动作有点难，需要多练习', NOW(), NOW(), NOW()),
(5, 5, '手工制作', 6, 3, '王爷爷', 5, 5, 5, 5, 5.0, 1, '手工制作很有趣，做了个小花瓶', NOW(), NOW(), NOW()),
(6, 3, '合唱活动', 8, 4, '赵奶奶', 5, 5, 5, 5, 5.0, 1, '唱歌让人心情愉悦', NOW(), NOW(), NOW()),
(7, 4, '书法绘画', 9, 5, '刘大爷', 4, 4, 4, 4, 4.0, 1, '健康讲座内容很实用', NOW(), NOW(), NOW());

-- ============================================
-- 5. 护理记录数据 (care_record)
-- ============================================
INSERT IGNORE INTO care_record (id, elderly_id, elderly_name, room_number, care_plan_id, caregiver_id, caregiver_name, care_type, care_content, care_duration, care_effect, elderly_condition, abnormal_situation, notes, care_time, status, create_time, update_time) VALUES
(1, 1, '张大爷', '201', 1, 1, '李护士', 1, '协助洗漱、整理床铺', 30, 1, '良好', NULL, '老人配合度高', NOW(), 1, NOW(), NOW()),
(2, 1, '张大爷', '201', 1, 2, '王护士', 2, '测量血压、体温', 15, 1, '正常', NULL, '血压128/82', NOW(), 1, NOW(), NOW()),
(3, 2, '李奶奶', '202', 2, 1, '李护士', 1, '协助洗漱、更换衣物', 30, 1, '良好', NULL, '精神状态好', NOW(), 1, NOW(), NOW()),
(4, 2, '李奶奶', '202', 2, 3, '张护士', 3, '提醒服用心脏病药', 10, 1, '已服用', NULL, '按时服药', NOW(), 1, NOW(), NOW()),
(5, 3, '王爷爷', '203', 3, 2, '王护士', 4, '协助关节活动训练', 45, 2, '有所改善', '关节疼痛', '疼痛减轻', NOW(), 1, NOW(), NOW()),
(6, 3, '王爷爷', '203', 3, 1, '李护士', 1, '协助洗漱、按摩', 30, 1, '良好', NULL, '配合治疗', NOW(), 1, NOW(), NOW()),
(7, 4, '赵奶奶', '204', 4, 3, '张护士', 2, '测量血压、心率', 15, 3, '偏高', '血压偏高', '血压138/88', NOW(), 1, NOW(), NOW()),
(8, 4, '赵奶奶', '204', 4, 2, '王护士', 1, '协助洗漱、整理房间', 30, 1, '良好', NULL, '情绪稳定', NOW(), 1, NOW(), NOW()),
(9, 5, '刘大爷', '205', 5, 1, '李护士', 3, '协助注射胰岛素', 20, 1, '已完成', NULL, '血糖监测正常', NOW(), 1, NOW(), NOW()),
(10, 5, '刘大爷', '205', 5, 3, '张护士', 5, '监督糖尿病饮食', 30, 1, '良好', NULL, '配合饮食控制', NOW(), 1, NOW(), NOW());

-- ============================================
-- 6. 护理计划数据 (care_plan)
-- ============================================
INSERT IGNORE INTO care_plan (id, elderly_id, elderly_name, plan_type, title, content, care_items, frequency, caregiver_id, caregiver_name, start_date, end_date, status, create_time, update_time) VALUES
(1, 1, '张大爷', 1, '高血压护理计划', '每日监测血压，低盐饮食，适量运动', '血压监测、饮食管理、运动指导', '每日', 1, '李护士', '2026-01-01', '2026-06-30', 1, NOW(), NOW()),
(2, 2, '李奶奶', 2, '心脏病护理计划', '按时服药，避免剧烈运动，定期复查', '用药提醒、心率监测、活动限制', '每日', 2, '王护士', '2026-01-01', '2026-12-31', 1, NOW(), NOW()),
(3, 3, '王爷爷', 3, '关节炎康复计划', '物理治疗，关节活动训练，适当休息', '关节按摩、康复训练、疼痛管理', '每日', 3, '张护士', '2026-02-01', '2026-04-30', 1, NOW(), NOW()),
(4, 4, '赵奶奶', 1, '高血压管理计划', '按时服药，监测血压，控制体重', '血压监测、体重管理、饮食控制', '每日', 1, '李护士', '2026-01-01', '2026-12-31', 1, NOW(), NOW()),
(5, 5, '刘大爷', 4, '糖尿病管理计划', '胰岛素治疗，饮食控制，血糖监测', '血糖监测、胰岛素注射、饮食管理', '每日', 2, '王护士', '2026-01-01', '2026-12-31', 1, NOW(), NOW());

-- ============================================
-- 7. 餐饮订单数据 (meal_order)
-- ============================================
INSERT IGNORE INTO meal_order (id, elderly_id, order_date, meal_type, menu_items, special_requirements, status, delivery_time, remark, create_time, update_time) VALUES
(1, 1, '2026-02-13', 1, '[1,2,3]', '低盐饮食', 2, NOW(), '易消化', NOW(), NOW()),
(2, 1, '2026-02-13', 2, '[6,9,10]', '清淡为主', 2, NOW(), '营养均衡', NOW(), NOW()),
(3, 1, '2026-02-13', 3, '[11,12]', '易消化', 1, NULL, '晚餐', NOW(), NOW()),
(4, 2, '2026-02-13', 1, '[3,4,2]', '正常饮食', 2, NOW(), '早餐', NOW(), NOW()),
(5, 2, '2026-02-13', 2, '[5,9,10]', '营养均衡', 2, NOW(), '午餐', NOW(), NOW()),
(6, 3, '2026-02-13', 1, '[13,2,4]', '补钙', 2, NOW(), '早餐', NOW(), NOW()),
(7, 3, '2026-02-13', 2, '[7,9,10]', '补充钙质', 2, NOW(), '午餐', NOW(), NOW()),
(8, 4, '2026-02-13', 1, '[1,2,4]', '低脂饮食', 2, NOW(), '早餐', NOW(), NOW()),
(9, 4, '2026-02-13', 2, '[6,5,10]', '控制体重', 2, NOW(), '午餐', NOW(), NOW()),
(10, 5, '2026-02-13', 1, '[13,2,4]', '无糖饮食', 2, NOW(), '早餐', NOW(), NOW()),
(11, 5, '2026-02-13', 2, '[7,5,10]', '控制血糖', 2, NOW(), '午餐', NOW(), NOW());

-- ============================================
-- 8. 护理评估数据 (care_assessment)
-- ============================================
INSERT IGNORE INTO care_assessment (id, elderly_id, elderly_name, assessment_type, assessment_date, assessor_id, assessor_name, bathing_score, dressing_score, toileting_score, mobility_score, eating_score, adl_total_score, care_level, mental_state, cognitive_state, physical_state, assessment_result, care_suggestions, next_assessment_date, create_time, update_time) VALUES
(1, 1, '张大爷', 1, '2026-02-01', 1, '李护士', 4, 5, 5, 4, 5, 23, 1, '良好', '正常', '良好', 'ADL评分良好，可独立完成大部分日常活动', '继续保持，定期复查', '2026-03-01', NOW(), NOW()),
(2, 1, '张大爷', 2, '2026-02-01', 1, '李护士', 5, 5, 5, 4, 5, 24, 1, '良好', '正常', '良好', '跌倒风险评估：低风险', '注意防滑，使用助行器', '2026-03-01', NOW(), NOW()),
(3, 2, '李奶奶', 1, '2026-02-02', 2, '王护士', 4, 4, 4, 4, 5, 21, 2, '良好', '轻度健忘', '良好', 'ADL评分良好，需要协助完成部分活动', '加强认知训练', '2026-03-02', NOW(), NOW()),
(4, 2, '李奶奶', 3, '2026-02-02', 2, '王护士', 5, 5, 5, 5, 5, 25, 1, '良好', '正常', '良好', '认知功能评估：正常', '继续保持', '2026-03-02', NOW(), NOW()),
(5, 3, '王爷爷', 1, '2026-02-03', 3, '张护士', 3, 3, 4, 3, 4, 17, 3, '一般', '正常', '关节炎', 'ADL评分中等，关节炎影响行动', '加强关节康复训练', '2026-03-03', NOW(), NOW()),
(6, 3, '王爷爷', 4, '2026-02-03', 3, '张护士', 3, 3, 3, 3, 4, 16, 3, '一般', '正常', '中度疼痛', '疼痛评估：中度疼痛', '需要止痛治疗', '2026-03-03', NOW(), NOW()),
(7, 4, '赵奶奶', 1, '2026-02-04', 1, '李护士', 4, 4, 4, 4, 4, 20, 2, '良好', '正常', '良好', 'ADL评分良好，高血压需监测', '低盐饮食，定期测血压', '2026-03-04', NOW(), NOW()),
(8, 4, '赵奶奶', 5, '2026-02-04', 1, '李护士', 4, 4, 5, 4, 4, 21, 2, '良好', '正常', '良好', '营养评估：良好', '注意饮食均衡', '2026-03-04', NOW(), NOW()),
(9, 5, '刘大爷', 1, '2026-02-05', 2, '王护士', 4, 4, 4, 4, 5, 21, 2, '良好', '正常', '良好', 'ADL评分良好，糖尿病需饮食控制', '严格控制糖分摄入', '2026-03-05', NOW(), NOW()),
(10, 5, '刘大爷', 6, '2026-02-05', 2, '王护士', 3, 4, 4, 4, 4, 19, 2, '一般', '正常', '良好', '糖尿病并发症评估：一般', '需要加强血糖监测', '2026-03-05', NOW(), NOW());

-- ============================================
-- 9. 健康监测数据 (health_data)
-- ============================================
INSERT IGNORE INTO health_data (id, elderly_id, record_type, systolic_pressure, diastolic_pressure, blood_pressure, blood_sugar, heart_rate, body_temperature, weight, blood_oxygen, record_content, health_note, record_time, recorder_id, recorder_name, create_time, update_time) VALUES
(1, 1, 1, 128, 82, '128/82', NULL, 70, 36.4, NULL, NULL, '血压测量', '晨间测量', NOW(), 1, '李护士', NOW(), NOW()),
(2, 1, 2, NULL, NULL, NULL, 6.3, NULL, NULL, NULL, NULL, '血糖监测', '空腹血糖', NOW(), 1, '李护士', NOW(), NOW()),
(3, 1, 4, NULL, NULL, NULL, NULL, 70, NULL, NULL, NULL, '心率测量', '正常范围', NOW(), 2, '王护士', NOW(), NOW()),
(4, 2, 1, 122, 78, '122/78', NULL, 68, 36.5, NULL, NULL, '血压测量', '晨间测量', NOW(), 2, '王护士', NOW(), NOW()),
(5, 2, 4, NULL, NULL, NULL, NULL, 68, NULL, NULL, NULL, '心率测量', '稳定', NOW(), 2, '王护士', NOW(), NOW()),
(6, 3, 1, 132, 85, '132/85', NULL, 73, 36.6, NULL, NULL, '血压测量', '略高', NOW(), 3, '张护士', NOW(), NOW()),
(7, 3, 7, NULL, NULL, NULL, NULL, NULL, NULL, NULL, NULL, '综合评估', '中度疼痛', NOW(), 3, '张护士', NOW(), NOW()),
(8, 4, 1, 138, 88, '138/88', NULL, 76, 36.7, NULL, NULL, '血压测量', '偏高', NOW(), 1, '李护士', NOW(), NOW()),
(9, 4, 3, NULL, NULL, NULL, NULL, NULL, NULL, 59.5, NULL, '体重测量', '控制中', NOW(), 1, '李护士', NOW(), NOW()),
(10, 5, 2, NULL, NULL, NULL, 8.2, NULL, NULL, NULL, NULL, '血糖监测', '餐后2小时', NOW(), 2, '王护士', NOW(), NOW()),
(11, 5, 1, 135, 84, '135/84', NULL, 72, 36.5, NULL, NULL, '血压测量', '正常', NOW(), 2, '王护士', NOW(), NOW());
