-- ============================================
-- 养老公寓管理系统 - 完整测试数据集
-- 覆盖所有数据库表结构，包含各表的所有字段和数据类型
-- 生成日期: 2026-02-22
-- ============================================

USE elderly_apartment_management;

SET FOREIGN_KEY_CHECKS = 0;

-- ============================================
-- 1. 用户与权限模块
-- ============================================

-- 用户表 (user) - 覆盖所有字段 - 使用 INSERT IGNORE 避免重复
INSERT IGNORE INTO `user` (`id`, `username`, `password`, `real_name`, `phone`, `email`, `status`, `create_time`, `update_time`, `deleted`) VALUES
(1, 'admin', '$2a$10$N.zmdr9k7uOCQb376NoUnuTJ8iAt6Z5EHsM8lE9lBOsl7iAt6Z5EH', '系统管理员', '13800138000', 'admin@elderly.com', 1, '2026-01-01 08:00:00', '2026-02-22 10:00:00', 0),
(2, 'manager01', '$2a$10$N.zmdr9k7uOCQb376NoUnuTJ8iAt6Z5EHsM8lE9lBOsl7iAt6Z5EH', '王经理', '13800138001', 'manager@elderly.com', 1, '2026-01-01 08:30:00', '2026-02-20 15:30:00', 0),
(3, 'doctor01', '$2a$10$N.zmdr9k7uOCQb376NoUnuTJ8iAt6Z5EHsM8lE9lBOsl7iAt6Z5EH', '李医生', '13800138002', 'doctor@elderly.com', 1, '2026-01-02 09:00:00', '2026-02-21 11:00:00', 0),
(4, 'nurse01', '$2a$10$N.zmdr9k7uOCQb376NoUnuTJ8iAt6Z5EHsM8lE9lBOsl7iAt6Z5EH', '张护士', '13800138003', 'nurse01@elderly.com', 1, '2026-01-03 08:00:00', '2026-02-22 09:00:00', 0),
(5, 'nurse02', '$2a$10$N.zmdr9k7uOCQb376NoUnuTJ8iAt6Z5EHsM8lE9lBOsl7iAt6Z5EH', '刘护士', '13800138004', 'nurse02@elderly.com', 1, '2026-01-03 08:30:00', '2026-02-22 09:30:00', 0),
(6, 'caregiver01', '$2a$10$N.zmdr9k7uOCQb376NoUnuTJ8iAt6Z5EHsM8lE9lBOsl7iAt6Z5EH', '陈护理员', '13800138005', 'caregiver@elderly.com', 1, '2026-01-04 08:00:00', '2026-02-21 16:00:00', 0),
(7, 'reception01', '$2a$10$N.zmdr9k7uOCQb376NoUnuTJ8iAt6Z5EHsM8lE9lBOsl7iAt6Z5EH', '前台小李', '13800138006', 'reception@elderly.com', 1, '2026-01-05 08:00:00', '2026-02-20 17:00:00', 0),
(8, 'disabled_user', '$2a$10$N.zmdr9k7uOCQb376NoUnuTJ8iAt6Z5EHsM8lE9lBOsl7iAt6Z5EH', '禁用用户', '13800138007', 'disabled@elderly.com', 0, '2026-01-06 08:00:00', '2026-02-15 10:00:00', 0),
(9, 'chef01', '$2a$10$N.zmdr9k7uOCQb376NoUnuTJ8iAt6Z5EHsM8lE9lBOsl7iAt6Z5EH', '王厨师', '13800138008', 'chef@elderly.com', 1, '2026-01-07 06:00:00', '2026-02-22 07:00:00', 0),
(10, 'accountant01', '$2a$10$N.zmdr9k7uOCQb376NoUnuTJ8iAt6Z5EHsM8lE9lBOsl7iAt6Z5EH', '赵会计', '13800138009', 'accountant@elderly.com', 1, '2026-01-08 08:00:00', '2026-02-22 10:30:00', 0);

-- 角色表 (role) - 覆盖所有字段 - 使用 INSERT IGNORE 避免重复
INSERT IGNORE INTO `role` (`id`, `name`, `code`, `description`, `create_time`, `update_time`, `deleted`) VALUES
(1, '超级管理员', 'ADMIN', '系统超级管理员，拥有所有权限', '2026-01-01 08:00:00', '2026-01-01 08:00:00', 0),
(2, '管理员', 'MANAGER', '系统管理员，负责日常运营管理', '2026-01-01 08:00:00', '2026-01-01 08:00:00', 0),
(3, '医生', 'DOCTOR', '医生角色，负责医疗健康管理', '2026-01-01 08:00:00', '2026-01-01 08:00:00', 0),
(4, '护士', 'NURSE', '护士角色，负责护理工作', '2026-01-01 08:00:00', '2026-01-01 08:00:00', 0),
(5, '护理员', 'CAREGIVER', '护理员角色，负责日常护理', '2026-01-01 08:00:00', '2026-01-01 08:00:00', 0),
(6, '前台', 'RECEPTIONIST', '前台角色，负责接待和登记', '2026-01-01 08:00:00', '2026-01-01 08:00:00', 0),
(7, '厨师', 'CHEF', '厨师角色，负责餐饮管理', '2026-01-01 08:00:00', '2026-01-01 08:00:00', 0),
(8, '会计', 'ACCOUNTANT', '会计角色，负责费用管理', '2026-01-01 08:00:00', '2026-01-01 08:00:00', 0),
(9, '活动组织者', 'ACTIVITY_ORGANIZER', '负责组织老人活动', '2026-01-01 08:00:00', '2026-01-01 08:00:00', 0);

-- 用户角色关联表 (user_role) - 使用 INSERT IGNORE 避免重复
INSERT IGNORE INTO `user_role` (`user_id`, `role_id`) VALUES
(1, 1), (2, 2), (3, 3), (4, 4), (5, 4), (6, 5), (7, 6), (9, 7), (10, 8);

-- 权限表 (permission) - 使用 INSERT IGNORE 避免重复
INSERT IGNORE INTO `permission` (`id`, `name`, `code`, `url`, `method`, `create_time`, `update_time`, `deleted`) VALUES
(1, '用户管理', 'user:manage', '/api/user/**', '*', '2026-01-01 08:00:00', '2026-01-01 08:00:00', 0),
(2, '角色管理', 'role:manage', '/api/role/**', '*', '2026-01-01 08:00:00', '2026-01-01 08:00:00', 0),
(3, '老人管理', 'elderly:manage', '/api/elderly/**', '*', '2026-01-01 08:00:00', '2026-01-01 08:00:00', 0),
(4, '房间管理', 'room:manage', '/api/room/**', '*', '2026-01-01 08:00:00', '2026-01-01 08:00:00', 0),
(5, '活动管理', 'activity:manage', '/api/activity/**', '*', '2026-01-01 08:00:00', '2026-01-01 08:00:00', 0),
(6, '健康管理', 'health:manage', '/api/health/**', '*', '2026-01-01 08:00:00', '2026-01-01 08:00:00', 0),
(7, '护理管理', 'care:manage', '/api/care/**', '*', '2026-01-01 08:00:00', '2026-01-01 08:00:00', 0),
(8, '餐饮管理', 'meal:manage', '/api/meal/**', '*', '2026-01-01 08:00:00', '2026-01-01 08:00:00', 0),
(9, '费用管理', 'fee:manage', '/api/fee/**', '*', '2026-01-01 08:00:00', '2026-01-01 08:00:00', 0),
(10, '仪表盘查看', 'dashboard:view', '/api/dashboard/**', 'GET', '2026-01-01 08:00:00', '2026-01-01 08:00:00', 0);

-- ============================================
-- 2. 房间管理模块
-- ============================================

-- 房间表 (room) - 覆盖所有字段 - 使用 INSERT IGNORE 避免重复
INSERT IGNORE INTO `room` (`id`, `room_number`, `floor`, `type`, `capacity`, `current_occupancy`, `status`, `price`, `has_wifi`, `has_tv`, `has_ac`, `has_bathroom`, `has_balcony`, `facilities`, `cover_image`, `images`, `remark`, `create_time`, `update_time`, `deleted`) VALUES
(1, '101', 1, 1, 1, 1, 2, 3500.00, 1, 1, 1, 1, 0, '空调,电视,独立卫生间,24小时热水', 'http://localhost:3001/uploads/rooms/101_cover.jpg', '["http://localhost:3001/uploads/rooms/101_1.jpg","http://localhost:3001/uploads/rooms/101_2.jpg"]', '单人间，朝阳，环境安静', '2026-01-01 08:00:00', '2026-02-22 10:00:00', 0),
(2, '102', 1, 1, 1, 1, 2, 3500.00, 1, 1, 1, 1, 1, '空调,电视,独立卫生间,阳台,24小时热水', 'http://localhost:3001/uploads/rooms/102_cover.jpg', '["http://localhost:3001/uploads/rooms/102_1.jpg"]', '单人间，带阳台，采光好', '2026-01-01 08:00:00', '2026-02-22 10:00:00', 0),
(3, '103', 1, 2, 2, 2, 2, 2800.00, 1, 1, 1, 1, 0, '空调,电视,独立卫生间', 'http://localhost:3001/uploads/rooms/103_cover.jpg', '["http://localhost:3001/uploads/rooms/103_1.jpg","http://localhost:3001/uploads/rooms/103_2.jpg"]', '双人间，适合夫妻入住', '2026-01-01 08:00:00', '2026-02-22 10:00:00', 0),
(4, '201', 2, 1, 1, 1, 2, 3800.00, 1, 1, 1, 1, 1, '空调,电视,独立卫生间,阳台,冰箱,24小时热水', 'http://localhost:3001/uploads/rooms/201_cover.jpg', '["http://localhost:3001/uploads/rooms/201_1.jpg"]', '豪华单人间，带阳台和冰箱', '2026-01-01 08:00:00', '2026-02-22 10:00:00', 0),
(5, '202', 2, 2, 2, 2, 2, 3000.00, 1, 1, 1, 1, 0, '空调,电视,独立卫生间,24小时热水', 'http://localhost:3001/uploads/rooms/202_cover.jpg', '["http://localhost:3001/uploads/rooms/202_1.jpg","http://localhost:3001/uploads/rooms/202_2.jpg"]', '双人间，楼层适中', '2026-01-01 08:00:00', '2026-02-22 10:00:00', 0),
(6, '203', 2, 3, 3, 1, 1, 5500.00, 1, 1, 1, 2, 1, '空调,电视,独立卫生间x2,阳台,客厅,厨房,24小时热水', 'http://localhost:3001/uploads/rooms/203_cover.jpg', '["http://localhost:3001/uploads/rooms/203_1.jpg","http://localhost:3001/uploads/rooms/203_2.jpg","http://localhost:3001/uploads/rooms/203_3.jpg"]', '家庭套房，适合家庭探访', '2026-01-01 08:00:00', '2026-02-20 14:00:00', 0),
(7, '301', 3, 1, 1, 0, 1, 3600.00, 1, 1, 1, 1, 1, '空调,电视,独立卫生间,阳台,24小时热水', 'http://localhost:3001/uploads/rooms/301_cover.jpg', '["http://localhost:3001/uploads/rooms/301_1.jpg"]', '单人间，高层视野好', '2026-01-01 08:00:00', '2026-02-15 09:00:00', 0),
(8, '302', 3, 2, 2, 0, 3, 2900.00, 1, 1, 1, 1, 0, '空调,电视,独立卫生间', 'http://localhost:3001/uploads/rooms/302_cover.jpg', '["http://localhost:3001/uploads/rooms/302_1.jpg"]', '双人间，装修中', '2026-01-01 08:00:00', '2026-02-18 16:00:00', 0),
(9, '401', 4, 3, 3, 2, 2, 6000.00, 1, 1, 1, 2, 1, '空调,电视,独立卫生间x2,阳台,客厅,餐厅,厨房,24小时热水', 'http://localhost:3001/uploads/rooms/401_cover.jpg', '["http://localhost:3001/uploads/rooms/401_1.jpg","http://localhost:3001/uploads/rooms/401_2.jpg"]', '豪华套房，设施齐全', '2026-01-01 08:00:00', '2026-02-22 10:00:00', 0),
(10, '501', 5, 1, 1, 0, 4, 4000.00, 1, 1, 1, 1, 1, '空调,电视,独立卫生间,阳台,24小时热水', 'http://localhost:3001/uploads/rooms/501_cover.jpg', '["http://localhost:3001/uploads/rooms/501_1.jpg"]', '单人间，已预订，等待入住', '2026-01-01 08:00:00', '2026-02-10 11:00:00', 0);

-- ============================================
-- 3. 老人管理模块
-- ============================================

-- 老人信息表 (elderly) - 覆盖所有字段 - 使用 INSERT IGNORE 避免重复
INSERT IGNORE INTO `elderly` (`id`, `name`, `gender`, `age`, `birthday`, `id_card`, `phone`, `address`, `emergency_contact`, `emergency_phone`, `room_id`, `room_number`, `check_in_date`, `nationality`, `health_status`, `status`, `notes`, `create_time`, `update_time`, `deleted`) VALUES
(1, '张建国', 1, 78, '1947-03-15', '110101194703151234', '13800138001', '北京市朝阳区建国路100号', '张伟', '13900139001', 1, '101', '2026-01-15', '汉族', '高血压，轻度糖尿病', 1, '性格开朗，喜欢下棋', '2026-01-15 09:00:00', '2026-02-22 10:00:00', 0),
(2, '李秀英', 2, 75, '1950-07-20', '110101195007201234', '13800138002', '北京市海淀区中关村大街50号', '李明', '13900139002', 2, '102', '2026-01-20', '汉族', '心脏病，需定期服药', 1, '喜欢唱歌，参加合唱团', '2026-01-20 10:00:00', '2026-02-22 10:00:00', 0),
(3, '王德福', 1, 82, '1943-11-08', '110101194311081234', '13800138003', '北京市西城区德胜门大街30号', '王强', '13900139003', 3, '103', '2026-01-25', '汉族', '关节炎，行动不便', 1, '需要轮椅辅助，喜欢书法', '2026-01-25 09:30:00', '2026-02-22 10:00:00', 0),
(4, '刘淑芬', 2, 80, '1945-05-12', '110101194505121234', '13800138004', '北京市东城区东直门大街80号', '刘芳', '13900139004', 3, '103', '2026-01-25', '汉族', '高血压，骨质疏松', 1, '王德福的妻子，两人一起入住', '2026-01-25 09:30:00', '2026-02-22 10:00:00', 0),
(5, '陈大伟', 1, 76, '1949-09-25', '110101194909251234', '13800138005', '北京市丰台区丰台路60号', '陈静', '13900139005', 4, '201', '2026-02-01', '汉族', '糖尿病，需注射胰岛素', 1, '饮食需严格控制糖分', '2026-02-01 14:00:00', '2026-02-22 10:00:00', 0),
(6, '赵玉兰', 2, 73, '1952-12-03', '110101195212031234', '13800138006', '北京市石景山区石景山路40号', '赵磊', '13900139006', 5, '202', '2026-02-05', '满族', '轻度认知障碍', 1, '需要提醒服药，记忆力减退', '2026-02-05 10:00:00', '2026-02-22 10:00:00', 0),
(7, '孙富贵', 1, 85, '1940-06-18', '110101194006181234', '13800138007', '北京市通州区通州大街20号', '孙涛', '13900139007', 5, '202', '2026-02-05', '汉族', '帕金森早期症状', 1, '赵玉兰的丈夫，需要照顾妻子', '2026-02-05 10:00:00', '2026-02-22 10:00:00', 0),
(8, '周梅花', 2, 77, '1948-02-28', '110101194802281234', '13800138008', '北京市昌平区昌平路10号', '周丽', '13900139008', 9, '401', '2026-02-10', '汉族', '健康，偶有失眠', 1, '身体状况良好，喜欢打太极', '2026-02-10 09:00:00', '2026-02-22 10:00:00', 0),
(9, '吴大海', 1, 79, '1946-08-14', '110101194608141234', '13800138009', '北京市大兴区大兴大街70号', '吴刚', '13900139009', 9, '401', '2026-02-10', '汉族', '前列腺问题', 1, '周梅花的丈夫，喜欢下棋', '2026-02-10 09:00:00', '2026-02-22 10:00:00', 0),
(10, '郑桂英', 2, 81, '1944-04-22', '110101194404221234', '13800138010', '北京市顺义区顺义路90号', '郑华', '13900139010', 1, '101', '2026-01-15', '汉族', '已退住', 2, '因家庭原因于2026年2月退住', '2026-01-15 09:00:00', '2026-02-01 15:00:00', 1);

-- ============================================
-- 4. 活动管理模块
-- ============================================

-- 活动分类表 (activity_category) - 使用 INSERT IGNORE 避免重复
INSERT IGNORE INTO `activity_category` (`id`, `name`, `code`, `description`, `icon`, `color`, `sort_order`, `is_active`, `create_time`, `update_time`, `deleted`) VALUES
(1, '文化娱乐', 'CULTURE_ENTERTAINMENT', '书法、绘画、唱歌等文化活动', 'icon-culture', '#FF6B6B', 1, 1, '2026-01-01 08:00:00', '2026-01-01 08:00:00', 0),
(2, '体育健身', 'SPORTS_FITNESS', '太极、健身操、散步等体育活动', 'icon-sports', '#4ECDC4', 2, 1, '2026-01-01 08:00:00', '2026-01-01 08:00:00', 0),
(3, '知识讲座', 'KNOWLEDGE_LECTURE', '健康讲座、法律知识、防诈骗等', 'icon-lecture', '#45B7D1', 3, 1, '2026-01-01 08:00:00', '2026-01-01 08:00:00', 0),
(4, '手工艺术', 'HANDICRAFT_ART', '剪纸、编织、陶艺等手工活动', 'icon-handicraft', '#96CEB4', 4, 1, '2026-01-01 08:00:00', '2026-01-01 08:00:00', 0),
(5, '节日庆祝', 'FESTIVAL_CELEBRATION', '春节、中秋、重阳等节日活动', 'icon-festival', '#FFEAA7', 5, 1, '2026-01-01 08:00:00', '2026-01-01 08:00:00', 0),
(6, '社交活动', 'SOCIAL_ACTIVITY', '茶话会、生日会等社交活动', 'icon-social', '#DDA0DD', 6, 1, '2026-01-01 08:00:00', '2026-01-01 08:00:00', 0);

-- 活动表 (activity) - 覆盖所有字段 - 使用 INSERT IGNORE 避免重复
INSERT IGNORE INTO `activity` (`id`, `title`, `description`, `activity_type`, `activity_type_name`, `activity_date`, `start_time`, `end_time`, `location`, `max_participants`, `current_participants`, `checked_in_count`, `min_participants`, `organizer`, `organizer_phone`, `organizer_id`, `image_url`, `image_urls`, `requirements`, `suitable_for`, `materials_needed`, `registration_start_time`, `registration_end_time`, `is_recommended`, `is_public`, `view_count`, `status`, `notes`, `create_by`, `create_time`, `update_time`, `deleted`) VALUES
(1, '太极拳晨练', '每天早上进行太极拳练习，增强体质', 2, '体育健身', '2026-02-25', '07:00:00', '08:00:00', '一楼活动室', 20, 8, 6, 5, '李教练', '13800138100', 4, 'http://localhost:3001/uploads/activities/taiji.jpg', '["http://localhost:3001/uploads/activities/taiji1.jpg"]', '穿着宽松舒适', '所有老人', '太极服或运动服', '2026-02-20 00:00:00', '2026-02-24 18:00:00', 1, 1, 156, 1, '适合初学者', 2, '2026-02-15 10:00:00', '2026-02-22 09:00:00', 0),
(2, '书法绘画班', '学习中国传统书法和绘画艺术', 1, '文化娱乐', '2026-02-26', '14:00:00', '16:00:00', '二楼书画室', 15, 6, 0, 3, '王老师', '13800138101', 6, 'http://localhost:3001/uploads/activities/shufa.jpg', '["http://localhost:3001/uploads/activities/shufa1.jpg","http://localhost:3001/uploads/activities/shufa2.jpg"]', '无需基础', '喜欢书画的老人', '笔墨纸砚由机构提供', '2026-02-20 00:00:00', '2026-02-25 12:00:00', 1, 1, 89, 1, '每周三下午', 2, '2026-02-15 11:00:00', '2026-02-22 09:30:00', 0),
(3, '健康讲座：春季养生', '邀请中医专家讲解春季养生知识', 3, '知识讲座', '2026-02-28', '09:30:00', '11:00:00', '多功能厅', 50, 12, 0, 10, '张医生', '13800138102', 3, 'http://localhost:3001/uploads/activities/lecture.jpg', '["http://localhost:3001/uploads/activities/lecture1.jpg"]', '准时参加', '所有老人', '笔记本（可选）', '2026-02-20 00:00:00', '2026-02-27 18:00:00', 0, 1, 45, 1, '提供茶点', 2, '2026-02-16 09:00:00', '2026-02-22 10:00:00', 0),
(4, '手工编织课', '学习编织围巾、帽子等手工艺品', 4, '手工艺术', '2026-03-01', '15:00:00', '17:00:00', '一楼手工室', 12, 4, 0, 4, '刘老师', '13800138103', 6, 'http://localhost:3001/uploads/activities/bianzhi.jpg', '["http://localhost:3001/uploads/activities/bianzhi1.jpg"]', '视力良好', '喜欢手工的老人', '毛线、编织针（提供）', '2026-02-20 00:00:00', '2026-02-28 12:00:00', 0, 1, 32, 1, '作品可带走', 2, '2026-02-17 14:00:00', '2026-02-22 10:30:00', 0),
(5, '元宵节联欢会', '庆祝元宵节，猜灯谜，吃汤圆', 5, '节日庆祝', '2026-03-02', '18:00:00', '20:00:00', '餐厅', 60, 25, 0, 20, '活动部', '13800138104', 2, 'http://localhost:3001/uploads/activities/yuanxiao.jpg', '["http://localhost:3001/uploads/activities/yuanxiao1.jpg","http://localhost:3001/uploads/activities/yuanxiao2.jpg"]', '糖尿病患者慎食汤圆', '所有老人及家属', '无需准备', '2026-02-20 00:00:00', '2026-03-01 12:00:00', 1, 1, 201, 1, '有精彩表演', 2, '2026-02-10 16:00:00', '2026-02-22 11:00:00', 0),
(6, '象棋比赛', '院内象棋友谊赛，增进交流', 1, '文化娱乐', '2026-03-05', '14:00:00', '17:00:00', '棋牌室', 16, 8, 0, 8, '张大爷', '13800138001', 1, 'http://localhost:3001/uploads/activities/xiangqi.jpg', '["http://localhost:3001/uploads/activities/xiangqi1.jpg"]', '会下象棋', '象棋爱好者', '无需准备', '2026-02-20 00:00:00', '2026-03-04 18:00:00', 0, 1, 67, 1, '有奖品', 1, '2026-02-18 10:00:00', '2026-02-22 11:30:00', 0),
(7, '合唱团排练', '夕阳红合唱团定期排练', 1, '文化娱乐', '2026-02-24', '15:00:00', '17:00:00', '音乐室', 25, 10, 0, 5, '李奶奶', '13800138002', 1, 'http://localhost:3001/uploads/activities/chorus.jpg', '["http://localhost:3001/uploads/activities/chorus1.jpg"]', '喜欢唱歌', '音乐爱好者', '歌谱（提供）', '2026-02-20 00:00:00', '2026-02-23 18:00:00', 0, 1, 43, 1, '每周二下午', 1, '2026-02-01 09:00:00', '2026-02-22 12:00:00', 0),
(8, '已完成活动：春节联欢', '2026年春节联欢会已圆满结束', 5, '节日庆祝', '2026-02-10', '18:00:00', '21:00:00', '多功能厅', 80, 65, 62, 30, '活动部', '13800138104', 2, 'http://localhost:3001/uploads/activities/chunjie.jpg', '["http://localhost:3001/uploads/activities/chunjie1.jpg"]', '已结束', '所有老人', '已结束', '2026-02-01 00:00:00', '2026-02-09 18:00:00', 0, 1, 356, 3, '活动圆满成功', 2, '2026-01-20 10:00:00', '2026-02-11 09:00:00', 0)
;

-- 活动报名表 (activity_signup) - 覆盖所有字段 - 使用 INSERT IGNORE 避免重复
INSERT IGNORE INTO `activity_signup` (`id`, `activity_id`, `activity_title`, `elderly_id`, `elderly_name`, `elderly_phone`, `room_number`, `emergency_contact_name`, `emergency_contact_phone`, `health_status`, `special_requirements`, `signup_source`, `signup_time`, `status`, `cancel_reason`, `reject_reason`, `checkin_time`, `checkin_method`, `checked_in_by`, `is_waitlist`, `waitlist_order`, `notes`, `create_by`, `create_time`, `update_time`, `deleted`) VALUES
(1, 1, '太极拳晨练', 1, '张建国', '13800138001', '101', '张伟', '13900139001', '高血压', '动作幅度小一点', 1, '2026-02-20 09:00:00', 1, NULL, NULL, NULL, NULL, NULL, 0, 0, '期待参加', 1, '2026-02-20 09:00:00', '2026-02-20 09:00:00', 0),
(2, 6, '象棋比赛', 1, '张建国', '13800138001', '101', '张伟', '13900139001', '高血压', '无', 1, '2026-02-21 10:00:00', 1, NULL, NULL, NULL, NULL, NULL, 0, 0, '希望能赢', 1, '2026-02-21 10:00:00', '2026-02-21 10:00:00', 0),
(3, 1, '太极拳晨练', 2, '李秀英', '13800138002', '102', '李明', '13900139002', '心脏病', '需要休息区', 1, '2026-02-20 09:30:00', 1, NULL, NULL, NULL, NULL, NULL, 0, 0, '喜欢晨练', 2, '2026-02-20 09:30:00', '2026-02-20 09:30:00', 0),
(4, 7, '合唱团排练', 2, '李秀英', '13800138002', '102', '李明', '13900139002', '心脏病', '需要座位', 1, '2026-02-21 14:00:00', 1, NULL, NULL, NULL, NULL, NULL, 0, 0, '合唱团成员', 2, '2026-02-21 14:00:00', '2026-02-21 14:00:00', 0),
(5, 2, '书法绘画班', 3, '王德福', '13800138003', '103', '王强', '13900139003', '关节炎', '需要桌椅调整', 1, '2026-02-21 09:00:00', 1, NULL, NULL, NULL, NULL, NULL, 0, 0, '喜欢书法', 3, '2026-02-21 09:00:00', '2026-02-21 09:00:00', 0),
(6, 1, '太极拳晨练', 5, '陈大伟', '13800138005', '201', '陈静', '13900139005', '糖尿病', '需要准备糖果', 1, '2026-02-20 10:00:00', 1, NULL, NULL, NULL, NULL, NULL, 0, 0, '控制运动量', 5, '2026-02-20 10:00:00', '2026-02-20 10:00:00', 0),
(7, 3, '健康讲座：春季养生', 5, '陈大伟', '13800138005', '201', '陈静', '13900139005', '糖尿病', '无', 1, '2026-02-22 09:00:00', 1, NULL, NULL, NULL, NULL, NULL, 0, 0, '想了解养生知识', 5, '2026-02-22 09:00:00', '2026-02-22 09:00:00', 0),
(8, 5, '元宵节联欢会', 6, '赵玉兰', '13800138006', '202', '赵磊', '13900139006', '轻度认知障碍', '需要家属陪同', 2, '2026-02-21 15:00:00', 1, NULL, NULL, NULL, NULL, NULL, 0, 0, '孙富贵代报', 7, '2026-02-21 15:00:00', '2026-02-21 15:00:00', 0),
(9, 8, '已完成活动：春节联欢', 1, '张建国', '13800138001', '101', '张伟', '13900139001', '高血压', '无', 1, '2026-02-05 10:00:00', 4, NULL, NULL, '2026-02-10 18:05:00', 2, 4, 0, 0, '已签到', 1, '2026-02-05 10:00:00', '2026-02-10 18:05:00', 0),
(10, 8, '已完成活动：春节联欢', 2, '李秀英', '13800138002', '102', '李明', '13900139002', '心脏病', '无', 1, '2026-02-05 11:00:00', 4, NULL, NULL, '2026-02-10 18:03:00', 2, 4, 0, 0, '已签到', 2, '2026-02-05 11:00:00', '2026-02-10 18:03:00', 0),
(11, 4, '手工编织课', 4, '刘淑芬', '13800138004', '103', '刘芳', '13900139004', '高血压', '无', 1, '2026-02-22 10:00:00', 1, NULL, NULL, NULL, NULL, NULL, 0, 0, '想学习编织', 4, '2026-02-22 10:00:00', '2026-02-22 10:00:00', 0),
(12, 1, '太极拳晨练', 8, '周梅花', '13800138008', '401', '周丽', '13900139008', '健康', '无', 1, '2026-02-21 08:00:00', 1, NULL, NULL, NULL, NULL, NULL, 0, 0, '太极爱好者', 8, '2026-02-21 08:00:00', '2026-02-21 08:00:00', 0)
;

-- 活动反馈表 (activity_feedback) - 覆盖所有字段 - 使用 INSERT IGNORE 避免重复
INSERT IGNORE INTO `activity_feedback` (`id`, `activity_id`, `activity_title`, `signup_id`, `elderly_id`, `elderly_name`, `satisfaction_score`, `organization_score`, `content_score`, `staff_score`, `overall_score`, `is_would_recommend`, `feedback_content`, `favorite_part`, `improvement_suggestions`, `feedback_time`, `status`, `handler_id`, `handler_name`, `handler_reply`, `reply_time`, `notes`, `create_time`, `update_time`, `deleted`) VALUES
(1, 8, '已完成活动：春节联欢', 9, 1, '张建国', 5, 5, 5, 5, 5.00, 1, '春节联欢会办得很好，节目精彩，饭菜可口', '小品表演', '希望明年更精彩', '2026-02-11 10:00:00', 2, 2, '王经理', '感谢您的参与，我们会继续努力', '2026-02-12 09:00:00', '已处理', '2026-02-11 10:00:00', '2026-02-12 09:00:00', 0),
(2, 8, '已完成活动：春节联欢', 10, 2, '李秀英', 5, 5, 5, 5, 5.00, 1, '唱得很开心，认识了很多新朋友', '合唱环节', '音响声音可以再大一点', '2026-02-11 11:00:00', 2, 2, '王经理', '收到建议，已记录', '2026-02-12 09:30:00', '已处理', '2026-02-11 11:00:00', '2026-02-12 09:30:00', 0),
(3, 1, '太极拳晨练', NULL, 1, '张建国', 4, 5, 4, 5, 4.50, 1, '太极拳很好，但有点难学', '老师的示范', '希望能放慢节奏', '2026-02-22 08:00:00', 1, NULL, NULL, NULL, NULL, '待处理', '2026-02-22 08:00:00', '2026-02-22 08:00:00', 0)
;

-- ============================================
-- 5. 健康管理模块
-- ============================================

-- 健康档案表 (health_record) - 覆盖所有字段 - 使用 INSERT IGNORE 避免重复
INSERT IGNORE INTO `health_record` (`id`, `elderly_id`, `check_date`, `height`, `weight`, `systolic_pressure`, `diastolic_pressure`, `blood_sugar`, `heart_rate`, `temperature`, `health_status`, `diagnosis`, `doctor`, `notes`, `create_time`, `update_time`, `deleted`) VALUES
(1, 1, '2026-02-20', 170.5, 68.0, 135, 88, 6.8, 72, 36.5, 1, '血压偏高，血糖正常', '李医生', '建议低盐饮食', '2026-02-20 09:00:00', '2026-02-20 09:00:00', 0),
(2, 2, '2026-02-21', 158.0, 55.5, 125, 82, 5.6, 68, 36.4, 1, '心脏病稳定', '王医生', '按时服药', '2026-02-21 10:00:00', '2026-02-21 10:00:00', 0),
(3, 3, '2026-02-19', 165.0, 70.0, 140, 90, 7.2, 75, 36.6, 2, '关节炎发作，血压偏高', '张医生', '物理治疗，监测血压', '2026-02-19 14:00:00', '2026-02-19 14:00:00', 0),
(4, 4, '2026-02-20', 160.0, 58.0, 142, 92, 6.5, 76, 36.7, 2, '高血压，骨质疏松', '李医生', '补钙，降压', '2026-02-20 11:00:00', '2026-02-20 11:00:00', 0),
(5, 5, '2026-02-22', 168.0, 72.0, 138, 85, 8.5, 74, 36.5, 2, '糖尿病控制一般', '王医生', '调整胰岛素剂量', '2026-02-22 08:00:00', '2026-02-22 08:00:00', 0),
(6, 6, '2026-02-18', 155.0, 52.0, 120, 78, 5.4, 70, 36.4, 1, '认知障碍评估', '张医生', '记忆力测试', '2026-02-18 09:00:00', '2026-02-18 09:00:00', 0),
(7, 7, '2026-02-19', 172.0, 75.0, 130, 85, 6.0, 72, 36.5, 1, '帕金森早期症状', '张医生', '定期随访', '2026-02-19 10:00:00', '2026-02-19 10:00:00', 0),
(8, 8, '2026-02-21', 162.0, 60.0, 118, 75, 5.2, 68, 36.3, 0, '健康状况良好', '李医生', '继续保持', '2026-02-21 09:00:00', '2026-02-21 09:00:00', 0),
(9, 9, '2026-02-20', 175.0, 78.0, 128, 82, 5.8, 70, 36.4, 1, '前列腺问题', '王医生', '药物治疗', '2026-02-20 10:00:00', '2026-02-20 10:00:00', 0)
;

-- 健康报告表 (health_report) - 覆盖所有字段 - 使用 INSERT IGNORE 避免重复
INSERT IGNORE INTO `health_report` (`id`, `elderly_id`, `report_type`, `report_date`, `start_date`, `end_date`, `health_score`, `overall_assessment`, `recommendations`, `doctor_name`, `doctor_id`, `status`, `create_time`, `update_time`, `deleted`) VALUES
(1, 1, 1, '2026-02-01', '2026-01-01', '2026-01-31', 82, '整体健康状况良好，血压略高', '建议低盐饮食，适量运动', '李医生', 3, 1, '2026-02-01 10:00:00', '2026-02-01 10:00:00', 0),
(2, 2, 1, '2026-02-01', '2026-01-01', '2026-01-31', 88, '心脏病控制良好', '继续按时服药，定期复查', '王医生', 3, 1, '2026-02-01 11:00:00', '2026-02-01 11:00:00', 0),
(3, 3, 1, '2026-02-01', '2026-01-01', '2026-01-31', 75, '关节炎影响行动', '加强物理治疗', '张医生', 3, 1, '2026-02-01 14:00:00', '2026-02-01 14:00:00', 0),
(4, 5, 2, '2026-02-15', '2026-02-01', '2026-02-15', 78, '糖尿病专项评估', '血糖控制需加强', '王医生', 3, 1, '2026-02-15 09:00:00', '2026-02-15 09:00:00', 0)
;

-- 健康报告详情表 (health_report_detail) - 使用 INSERT IGNORE 避免重复
INSERT IGNORE INTO `health_report_detail` (`id`, `report_id`, `check_item`, `check_value`, `reference_range`, `unit`, `result`, `trend`, `remark`) VALUES
(1, 1, '收缩压', '135', '90-140', 'mmHg', 1, 3, '正常高值'),
(2, 1, '舒张压', '88', '60-90', 'mmHg', 1, 3, '正常'),
(3, 1, '血糖', '6.8', '3.9-6.1', 'mmol/L', 2, 3, '偏高'),
(4, 2, '心率', '68', '60-100', '次/分', 1, 3, '正常'),
(5, 4, '空腹血糖', '8.5', '3.9-6.1', 'mmol/L', 2, 3, '偏高')
;

-- 健康数据表 (health_data) - 覆盖所有字段 - 使用 INSERT IGNORE 避免重复
INSERT IGNORE INTO `health_data` (`id`, `elderly_id`, `record_type`, `systolic_pressure`, `diastolic_pressure`, `blood_pressure`, `heart_rate`, `body_temperature`, `blood_sugar`, `blood_oxygen`, `weight`, `record_content`, `health_note`, `record_time`, `recorder_id`, `recorder_name`, `create_time`, `update_time`, `deleted`) VALUES
(1, 1, 1, 135, 88, '135/88', NULL, NULL, NULL, NULL, NULL, '晨间血压测量', '正常范围', '2026-02-22 07:00:00', 4, '张护士', '2026-02-22 07:00:00', '2026-02-22 07:00:00', 0),
(2, 1, 2, NULL, NULL, NULL, NULL, NULL, 6.8, NULL, NULL, '空腹血糖', '略高', '2026-02-22 07:30:00', 4, '张护士', '2026-02-22 07:30:00', '2026-02-22 07:30:00', 0),
(3, 2, 1, 125, 82, '125/82', NULL, NULL, NULL, NULL, NULL, '晨间血压', '稳定', '2026-02-22 07:00:00', 5, '刘护士', '2026-02-22 07:00:00', '2026-02-22 07:00:00', 0),
(4, 2, 4, NULL, NULL, NULL, 68, NULL, NULL, NULL, NULL, '心率监测', '正常', '2026-02-22 08:00:00', 5, '刘护士', '2026-02-22 08:00:00', '2026-02-22 08:00:00', 0),
(5, 3, 1, 140, 90, '140/90', NULL, NULL, NULL, NULL, NULL, '血压偏高', '需关注', '2026-02-22 07:00:00', 4, '张护士', '2026-02-22 07:00:00', '2026-02-22 07:00:00', 0),
(6, 5, 2, NULL, NULL, NULL, NULL, NULL, 8.5, NULL, NULL, '餐后2小时血糖', '偏高', '2026-02-22 09:00:00', 5, '刘护士', '2026-02-22 09:00:00', '2026-02-22 09:00:00', 0),
(7, 5, 3, NULL, NULL, NULL, NULL, NULL, NULL, NULL, 72.0, '体重测量', '稳定', '2026-02-22 06:00:00', 5, '刘护士', '2026-02-22 06:00:00', '2026-02-22 06:00:00', 0),
(8, 8, 7, 118, 75, '118/75', 68, 36.3, 5.2, 98, 60.0, '综合健康检查', '各项指标正常', '2026-02-22 08:00:00', 4, '张护士', '2026-02-22 08:00:00', '2026-02-22 08:00:00', 0)
;

-- ============================================
-- 6. 护理管理模块
-- ============================================

-- 护理计划表 (care_plan) - 覆盖所有字段 - 使用 INSERT IGNORE 避免重复
INSERT IGNORE INTO `care_plan` (`id`, `elderly_id`, `elderly_name`, `plan_type`, `title`, `content`, `care_items`, `frequency`, `caregiver_id`, `caregiver_name`, `start_date`, `end_date`, `status`, `create_time`, `update_time`, `deleted`) VALUES
(1, 1, '张建国', 1, '高血压日常护理计划', '每日监测血压，按时服药，低盐饮食', '血压监测、用药提醒、饮食监督', '每日', 4, '张护士', '2026-01-15', '2026-07-15', 1, '2026-01-15 10:00:00', '2026-02-22 09:00:00', 0),
(2, 2, '李秀英', 2, '心脏病护理计划', '按时服用心脏病药物，避免剧烈运动，定期心电图检查', '用药提醒、心率监测、活动限制', '每日', 5, '刘护士', '2026-01-20', '2026-07-20', 1, '2026-01-20 11:00:00', '2026-02-22 09:00:00', 0),
(3, 3, '王德福', 3, '关节炎康复护理', '关节活动训练，物理治疗，疼痛管理', '关节按摩、康复训练、疼痛评估', '每日', 4, '张护士', '2026-01-25', '2026-04-25', 1, '2026-01-25 10:00:00', '2026-02-22 09:00:00', 0),
(4, 5, '陈大伟', 4, '糖尿病护理计划', '胰岛素注射，血糖监测，饮食控制', '血糖监测、胰岛素注射、饮食管理', '每日', 5, '刘护士', '2026-02-01', '2026-08-01', 1, '2026-02-01 14:00:00', '2026-02-22 09:00:00', 0),
(5, 6, '赵玉兰', 1, '认知障碍护理计划', '认知训练，定向力训练，安全防护', '记忆训练、定向训练、安全监护', '每日', 4, '张护士', '2026-02-05', '2026-08-05', 1, '2026-02-05 10:00:00', '2026-02-22 09:00:00', 0)
;

-- 护理记录表 (care_record) - 覆盖所有字段 - 使用 INSERT IGNORE 避免重复
INSERT IGNORE INTO `care_record` (`id`, `elderly_id`, `elderly_name`, `room_number`, `care_plan_id`, `caregiver_id`, `caregiver_name`, `care_type`, `care_content`, `care_duration`, `care_effect`, `elderly_condition`, `abnormal_situation`, `notes`, `care_time`, `status`, `create_time`, `update_time`, `deleted`) VALUES
(1, 1, '张建国', '101', 1, 4, '张护士', 1, '协助洗漱、测量血压', 30, 1, '良好', NULL, '血压135/88', '2026-02-22 07:00:00', 1, '2026-02-22 07:30:00', '2026-02-22 07:30:00', 0),
(2, 1, '张建国', '101', 1, 4, '张护士', 2, '提醒服用降压药', 10, 1, '已服药', NULL, '按时服药', '2026-02-22 08:00:00', 1, '2026-02-22 08:10:00', '2026-02-22 08:10:00', 0),
(3, 2, '李秀英', '102', 2, 5, '刘护士', 1, '协助洗漱、整理床铺', 30, 1, '良好', NULL, '精神状态好', '2026-02-22 07:00:00', 1, '2026-02-22 07:30:00', '2026-02-22 07:30:00', 0),
(4, 2, '李秀英', '102', 2, 5, '刘护士', 3, '提醒服用心脏病药', 10, 1, '已服药', NULL, '心率正常', '2026-02-22 08:00:00', 1, '2026-02-22 08:10:00', '2026-02-22 08:10:00', 0),
(5, 3, '王德福', '103', 3, 4, '张护士', 4, '关节活动训练', 45, 2, '有所改善', '关节疼痛减轻', '配合度高', '2026-02-22 09:00:00', 1, '2026-02-22 09:45:00', '2026-02-22 09:45:00', 0),
(6, 5, '陈大伟', '201', 4, 5, '刘护士', 3, '协助注射胰岛素', 20, 1, '已完成', NULL, '血糖监测正常', '2026-02-22 07:30:00', 1, '2026-02-22 07:50:00', '2026-02-22 07:50:00', 0),
(7, 5, '陈大伟', '201', 4, 5, '刘护士', 5, '监督糖尿病饮食', 30, 1, '良好', NULL, '饮食控制良好', '2026-02-22 12:00:00', 1, '2026-02-22 12:30:00', '2026-02-22 12:30:00', 0),
(8, 6, '赵玉兰', '202', 5, 4, '张护士', 1, '协助洗漱、认知训练', 40, 1, '良好', NULL, '记忆力测试', '2026-02-22 08:00:00', 1, '2026-02-22 08:40:00', '2026-02-22 08:40:00', 0)
;

-- 护理评估表 (care_assessment) - 覆盖所有字段 - 使用 INSERT IGNORE 避免重复
INSERT IGNORE INTO `care_assessment` (`id`, `elderly_id`, `elderly_name`, `assessment_type`, `assessment_date`, `assessor_id`, `assessor_name`, `bathing_score`, `dressing_score`, `toileting_score`, `mobility_score`, `eating_score`, `adl_total_score`, `care_level`, `mental_state`, `cognitive_state`, `physical_state`, `assessment_result`, `care_suggestions`, `next_assessment_date`, `create_time`, `update_time`, `deleted`) VALUES
(1, 1, '张建国', 1, '2026-02-01', 3, '李医生', 4, 5, 5, 4, 5, 23, 1, '良好', '正常', '良好', 'ADL评分良好，可独立完成大部分日常活动', '继续保持，定期复查', '2026-03-01', '2026-02-01 10:00:00', '2026-02-01 10:00:00', 0),
(2, 2, '李秀英', 1, '2026-02-02', 3, '李医生', 4, 4, 4, 4, 5, 21, 2, '良好', '轻度健忘', '良好', 'ADL评分良好，需要协助完成部分活动', '加强认知训练', '2026-03-02', '2026-02-02 10:00:00', '2026-02-02 10:00:00', 0),
(3, 3, '王德福', 1, '2026-02-03', 3, '李医生', 3, 3, 4, 3, 4, 17, 3, '一般', '正常', '关节炎', 'ADL评分中等，关节炎影响行动', '加强关节康复训练', '2026-03-03', '2026-02-03 10:00:00', '2026-02-03 10:00:00', 0),
(4, 5, '陈大伟', 1, '2026-02-05', 3, '李医生', 4, 4, 4, 4, 5, 21, 2, '良好', '正常', '良好', 'ADL评分良好，糖尿病需饮食控制', '严格控制糖分摄入', '2026-03-05', '2026-02-05 10:00:00', '2026-02-05 10:00:00', 0),
(5, 6, '赵玉兰', 3, '2026-02-06', 3, '李医生', 3, 3, 4, 3, 4, 17, 3, '一般', '轻度认知障碍', '良好', '认知功能轻度受损，需要照护', '加强认知训练，注意安全', '2026-03-06', '2026-02-06 10:00:00', '2026-02-06 10:00:00', 0)
;

-- ============================================
-- 7. 餐饮管理模块
-- ============================================

-- 菜品表 (meal_menu) - 覆盖所有字段 - 使用 INSERT IGNORE 避免重复
INSERT IGNORE INTO `meal_menu` (`id`, `name`, `type`, `price`, `ingredients`, `nutrition`, `suitable`, `image`, `status`, `remark`, `create_time`, `update_time`) VALUES
(1, '小米粥', 1, 3.00, '小米、水', '碳水化合物、维生素B', '适合所有老人，易消化', 'http://localhost:3001/uploads/meals/xiaomi.jpg', 1, '养胃佳品', '2026-01-01 08:00:00', '2026-01-01 08:00:00'),
(2, '煮鸡蛋', 1, 2.00, '鸡蛋', '蛋白质、维生素D', '适合所有老人', 'http://localhost:3001/uploads/meals/egg.jpg', 1, '每日一个', '2026-01-01 08:00:00', '2026-01-01 08:00:00'),
(3, '豆浆', 1, 2.50, '黄豆、水', '植物蛋白、钙', '适合所有老人', 'http://localhost:3001/uploads/meals/doujiang.jpg', 1, '无糖豆浆', '2026-01-01 08:00:00', '2026-01-01 08:00:00'),
(4, '全麦馒头', 1, 1.50, '全麦面粉', '碳水化合物、膳食纤维', '适合所有老人', 'http://localhost:3001/uploads/meals/mantou.jpg', 1, '低糖', '2026-01-01 08:00:00', '2026-01-01 08:00:00'),
(5, '清炒时蔬', 4, 8.00, '当季蔬菜', '维生素、膳食纤维', '适合所有老人', 'http://localhost:3001/uploads/meals/shucai.jpg', 1, '少油少盐', '2026-01-01 08:00:00', '2026-01-01 08:00:00'),
(6, '清蒸鱼', 2, 28.00, '鲈鱼、葱、姜', '优质蛋白、不饱和脂肪酸', '适合所有老人，易消化', 'http://localhost:3001/uploads/meals/fish.jpg', 1, '去刺', '2026-01-01 08:00:00', '2026-01-01 08:00:00'),
(7, '番茄炒蛋', 2, 12.00, '番茄、鸡蛋', '蛋白质、维生素C', '适合所有老人', 'http://localhost:3001/uploads/meals/fanqie.jpg', 1, '少糖', '2026-01-01 08:00:00', '2026-01-01 08:00:00'),
(8, '紫菜蛋花汤', 4, 6.00, '紫菜、鸡蛋', '碘、蛋白质', '适合所有老人', 'http://localhost:3001/uploads/meals/zicai.jpg', 1, '清淡', '2026-01-01 08:00:00', '2026-01-01 08:00:00'),
(9, '糙米饭', 4, 2.50, '糙米', '碳水化合物、膳食纤维', '适合糖尿病患者', 'http://localhost:3001/uploads/meals/caomi.jpg', 1, '低GI', '2026-01-01 08:00:00', '2026-01-01 08:00:00'),
(10, '红烧排骨', 2, 32.00, '猪排骨、酱油', '蛋白质、钙', '适合身体健康的老人', 'http://localhost:3001/uploads/meals/paigu.jpg', 1, '软烂', '2026-01-01 08:00:00', '2026-01-01 08:00:00'),
(11, '杂粮粥', 3, 5.00, '小米、燕麦、红豆', '膳食纤维、B族维生素', '适合糖尿病患者', 'http://localhost:3001/uploads/meals/zaliang.jpg', 1, '易消化', '2026-01-01 08:00:00', '2026-01-01 08:00:00'),
(12, '蒸南瓜', 3, 6.00, '南瓜', '胡萝卜素、膳食纤维', '适合所有老人', 'http://localhost:3001/uploads/meals/nangua.jpg', 1, '软糯', '2026-01-01 08:00:00', '2026-01-01 08:00:00'),
(13, '豆腐脑', 1, 4.00, '黄豆', '植物蛋白、钙', '适合所有老人', 'http://localhost:3001/uploads/meals/doufunao.jpg', 1, '咸口', '2026-01-01 08:00:00', '2026-01-01 08:00:00'),
(14, '面条', 2, 8.00, '面粉、青菜', '碳水化合物、维生素', '适合所有老人', 'http://localhost:3001/uploads/meals/miantiao.jpg', 1, '软烂', '2026-01-01 08:00:00', '2026-01-01 08:00:00'),
(15, '馄饨', 2, 15.00, '面粉、猪肉', '碳水化合物、蛋白质', '适合所有老人', 'http://localhost:3001/uploads/meals/hundun.jpg', 1, '去胡椒', '2026-01-01 08:00:00', '2026-01-01 08:00:00')
;

-- 每周食谱表 (meal_weekly_plan) - 覆盖所有字段 - 使用 INSERT IGNORE 避免重复
INSERT IGNORE INTO `meal_weekly_plan` (`id`, `plan_date`, `meal_type`, `menu_items`, `menu_names`, `status`, `create_time`, `update_time`) VALUES
(1, '2026-02-24', 1, '[1,2,3,4]', '小米粥、煮鸡蛋、豆浆、全麦馒头', 1, '2026-02-20 10:00:00', '2026-02-20 10:00:00'),
(2, '2026-02-24', 2, '[6,7,5,8,9]', '清蒸鱼、番茄炒蛋、清炒时蔬、紫菜蛋花汤、糙米饭', 1, '2026-02-20 10:00:00', '2026-02-20 10:00:00'),
(3, '2026-02-24', 3, '[11,12]', '杂粮粥、蒸南瓜', 1, '2026-02-20 10:00:00', '2026-02-20 10:00:00'),
(4, '2026-02-25', 1, '[13,2,4]', '豆腐脑、煮鸡蛋、全麦馒头', 1, '2026-02-20 10:30:00', '2026-02-20 10:30:00'),
(5, '2026-02-25', 2, '[10,5,8,9]', '红烧排骨、清炒时蔬、紫菜蛋花汤、糙米饭', 1, '2026-02-20 10:30:00', '2026-02-20 10:30:00'),
(6, '2026-02-25', 3, '[1,12]', '小米粥、蒸南瓜', 1, '2026-02-20 10:30:00', '2026-02-20 10:30:00')
;

-- 订餐记录表 (meal_order) - 覆盖所有字段 - 使用 INSERT IGNORE 避免重复
INSERT IGNORE INTO `meal_order` (`id`, `elderly_id`, `order_date`, `meal_type`, `menu_items`, `special_requirements`, `status`, `delivery_time`, `remark`, `create_time`, `update_time`) VALUES
(1, 1, '2026-02-22', 1, '[1,2,4]', '低盐', 2, '2026-02-22 07:30:00', '早餐', '2026-02-21 18:00:00', '2026-02-22 07:30:00'),
(2, 1, '2026-02-22', 2, '[6,5,9]', '低盐、少油', 2, '2026-02-22 12:00:00', '午餐', '2026-02-21 18:00:00', '2026-02-22 12:00:00'),
(3, 1, '2026-02-22', 3, '[11]', '无糖', 1, NULL, '晚餐', '2026-02-21 18:00:00', '2026-02-21 18:00:00'),
(4, 2, '2026-02-22', 1, '[1,2,3]', '正常', 2, '2026-02-22 07:30:00', '早餐', '2026-02-21 18:00:00', '2026-02-22 07:30:00'),
(5, 2, '2026-02-22', 2, '[7,5,8,9]', '少盐', 2, '2026-02-22 12:00:00', '午餐', '2026-02-21 18:00:00', '2026-02-22 12:00:00'),
(6, 5, '2026-02-22', 1, '[1,2,4]', '无糖', 2, '2026-02-22 07:30:00', '早餐', '2026-02-21 18:00:00', '2026-02-22 07:30:00'),
(7, 5, '2026-02-22', 2, '[6,5,9]', '无糖、低盐', 2, '2026-02-22 12:00:00', '午餐', '2026-02-21 18:00:00', '2026-02-22 12:00:00'),
(8, 5, '2026-02-22', 3, '[11,12]', '无糖', 1, NULL, '晚餐', '2026-02-21 18:00:00', '2026-02-21 18:00:00')
;

-- 送餐记录表 (meal_delivery) - 覆盖所有字段 - 使用 INSERT IGNORE 避免重复
INSERT IGNORE INTO `meal_delivery` (`id`, `order_id`, `elderly_id`, `delivery_date`, `meal_type`, `delivery_status`, `delivery_time`, `receiver`, `remark`, `create_time`, `update_time`) VALUES
(1, 1, 1, '2026-02-22', 1, 1, '2026-02-22 07:30:00', '张建国', '已送达', '2026-02-22 07:30:00', '2026-02-22 07:30:00'),
(2, 2, 1, '2026-02-22', 2, 1, '2026-02-22 12:00:00', '张建国', '已送达', '2026-02-22 12:00:00', '2026-02-22 12:00:00'),
(3, 4, 2, '2026-02-22', 1, 1, '2026-02-22 07:30:00', '李秀英', '已送达', '2026-02-22 07:30:00', '2026-02-22 07:30:00'),
(4, 5, 2, '2026-02-22', 2, 1, '2026-02-22 12:00:00', '李秀英', '已送达', '2026-02-22 12:00:00', '2026-02-22 12:00:00'),
(5, 6, 5, '2026-02-22', 1, 1, '2026-02-22 07:30:00', '陈大伟', '已送达', '2026-02-22 07:30:00', '2026-02-22 07:30:00'),
(6, 7, 5, '2026-02-22', 2, 1, '2026-02-22 12:00:00', '陈大伟', '已送达', '2026-02-22 12:00:00', '2026-02-22 12:00:00')
;

-- ============================================
-- 8. 费用管理模块
-- ============================================

-- 费用类型表 (fee_type) - 覆盖所有字段 - 使用 INSERT IGNORE 避免重复
INSERT IGNORE INTO `fee_type` (`id`, `name`, `code`, `description`, `is_fixed`, `billing_cycle`, `status`, `create_time`, `update_time`) VALUES
(1, '住宿费', 'ROOM_FEE', '房间住宿费用', 1, 1, 1, '2026-01-01 08:00:00', '2026-01-01 08:00:00'),
(2, '护理费', 'CARE_FEE', '日常护理服务费用', 1, 1, 1, '2026-01-01 08:00:00', '2026-01-01 08:00:00'),
(3, '餐饮费', 'MEAL_FEE', '餐食费用', 0, 1, 1, '2026-01-01 08:00:00', '2026-01-01 08:00:00'),
(4, '医疗费', 'MEDICAL_FEE', '医疗服务费用', 0, 1, 1, '2026-01-01 08:00:00', '2026-01-01 08:00:00'),
(5, '水电费', 'UTILITY_FEE', '水电气费用', 0, 1, 1, '2026-01-01 08:00:00', '2026-01-01 08:00:00'),
(6, '其他费用', 'OTHER_FEE', '其他杂费', 0, 1, 1, '2026-01-01 08:00:00', '2026-01-01 08:00:00')
;

-- 费用标准表 (fee_standard) - 覆盖所有字段 - 使用 INSERT IGNORE 避免重复
INSERT IGNORE INTO `fee_standard` (`id`, `fee_type_id`, `name`, `amount`, `room_type`, `care_level`, `description`, `effective_date`, `expiry_date`, `status`, `create_time`, `update_time`) VALUES
(1, 1, '单人间住宿费', 3500.00, 1, NULL, '单人间每月住宿费用', '2026-01-01', NULL, 1, '2026-01-01 08:00:00', '2026-01-01 08:00:00'),
(2, 1, '双人间住宿费', 2800.00, 2, NULL, '双人间每月住宿费用', '2026-01-01', NULL, 1, '2026-01-01 08:00:00', '2026-01-01 08:00:00'),
(3, 1, '套房住宿费', 5500.00, 3, NULL, '套房每月住宿费用', '2026-01-01', NULL, 1, '2026-01-01 08:00:00', '2026-01-01 08:00:00'),
(4, 2, '一级护理费', 1500.00, NULL, 1, '基础护理服务', '2026-01-01', NULL, 1, '2026-01-01 08:00:00', '2026-01-01 08:00:00'),
(5, 2, '二级护理费', 2500.00, NULL, 2, '中级护理服务', '2026-01-01', NULL, 1, '2026-01-01 08:00:00', '2026-01-01 08:00:00'),
(6, 2, '三级护理费', 4000.00, NULL, 3, '高级护理服务', '2026-01-01', NULL, 1, '2026-01-01 08:00:00', '2026-01-01 08:00:00')
ON DUPLICATE KEY UPDATE `name` = VALUES(`name`);

-- 费用账户表 (fee_account) - 覆盖所有字段 - 使用 INSERT IGNORE 避免重复
INSERT IGNORE INTO `fee_account` (`id`, `elderly_id`, `balance`, `total_paid`, `total_consumed`, `status`, `create_time`, `update_time`) VALUES
(1, 1, 2500.00, 12000.00, 9500.00, 1, '2026-01-15 09:00:00', '2026-02-22 10:00:00'),
(2, 2, 1800.00, 10000.00, 8200.00, 1, '2026-01-20 10:00:00', '2026-02-22 10:00:00'),
(3, 3, 500.00, 8000.00, 7500.00, 1, '2026-01-25 09:30:00', '2026-02-22 10:00:00'),
(4, 4, 500.00, 8000.00, 7500.00, 1, '2026-01-25 09:30:00', '2026-02-22 10:00:00'),
(5, 5, -500.00, 6000.00, 6500.00, 1, '2026-02-01 14:00:00', '2026-02-22 10:00:00'),
(6, 6, 1200.00, 5000.00, 3800.00, 1, '2026-02-05 10:00:00', '2026-02-22 10:00:00'),
(7, 7, 1200.00, 5000.00, 3800.00, 1, '2026-02-05 10:00:00', '2026-02-22 10:00:00'),
(8, 8, 3000.00, 6000.00, 3000.00, 1, '2026-02-10 09:00:00', '2026-02-22 10:00:00'),
(9, 9, 3000.00, 6000.00, 3000.00, 1, '2026-02-10 09:00:00', '2026-02-22 10:00:00')
;

-- 费用账单表 (fee_bill) - 覆盖所有字段 - 使用 INSERT IGNORE 避免重复
INSERT IGNORE INTO `fee_bill` (`id`, `bill_no`, `elderly_id`, `bill_month`, `bill_start_date`, `bill_end_date`, `room_fee`, `care_fee`, `meal_fee`, `medical_fee`, `other_fee`, `total_amount`, `discount_amount`, `payable_amount`, `paid_amount`, `status`, `due_date`, `paid_time`, `remark`, `create_time`, `update_time`) VALUES
(1, 'BILL202602001', 1, '2026-02', '2026-02-01', '2026-02-28', 3500.00, 1500.00, 900.00, 0.00, 200.00, 6100.00, 0.00, 6100.00, 6100.00, 2, '2026-02-10', '2026-02-05 10:00:00', '2月账单', '2026-02-01 08:00:00', '2026-02-05 10:00:00'),
(2, 'BILL202602002', 2, '2026-02', '2026-02-01', '2026-02-28', 3500.00, 2500.00, 900.00, 300.00, 100.00, 7300.00, 200.00, 7100.00, 7100.00, 2, '2026-02-10', '2026-02-06 14:00:00', '2月账单', '2026-02-01 08:00:00', '2026-02-06 14:00:00'),
(3, 'BILL202602003', 3, '2026-02', '2026-02-01', '2026-02-28', 2800.00, 4000.00, 900.00, 500.00, 0.00, 8200.00, 0.00, 8200.00, 4000.00, 1, '2026-02-10', NULL, '部分缴费', '2026-02-01 08:00:00', '2026-02-15 10:00:00'),
(4, 'BILL202602004', 5, '2026-02', '2026-02-01', '2026-02-28', 3800.00, 2500.00, 800.00, 0.00, 0.00, 7100.00, 0.00, 7100.00, 0.00, 0, '2026-02-10', NULL, '待缴费', '2026-02-01 08:00:00', '2026-02-01 08:00:00'),
(5, 'BILL202601001', 1, '2026-01', '2026-01-01', '2026-01-31', 3500.00, 1500.00, 900.00, 0.00, 200.00, 6100.00, 0.00, 6100.00, 6100.00, 2, '2026-01-10', '2026-01-08 09:00:00', '1月账单', '2026-01-01 08:00:00', '2026-01-08 09:00:00')
;

-- 费用明细表 (fee_detail) - 覆盖所有字段 - 使用 INSERT IGNORE 避免重复
INSERT IGNORE INTO `fee_detail` (`id`, `bill_id`, `fee_type_id`, `fee_name`, `amount`, `quantity`, `unit_price`, `fee_date`, `description`, `source_id`, `source_type`, `create_time`) VALUES
(1, 1, 1, '单人间住宿费', 3500.00, 1.00, 3500.00, '2026-02-01', '2月住宿费', NULL, NULL, '2026-02-01 08:00:00'),
(2, 1, 2, '一级护理费', 1500.00, 1.00, 1500.00, '2026-02-01', '2月护理费', NULL, NULL, '2026-02-01 08:00:00'),
(3, 1, 3, '餐饮费', 900.00, 1.00, 900.00, '2026-02-01', '2月餐费', NULL, NULL, '2026-02-01 08:00:00'),
(4, 2, 1, '单人间住宿费', 3500.00, 1.00, 3500.00, '2026-02-01', '2月住宿费', NULL, NULL, '2026-02-01 08:00:00'),
(5, 2, 2, '二级护理费', 2500.00, 1.00, 2500.00, '2026-02-01', '2月护理费', NULL, NULL, '2026-02-01 08:00:00'),
(6, 2, 3, '餐饮费', 900.00, 1.00, 900.00, '2026-02-01', '2月餐费', NULL, NULL, '2026-02-01 08:00:00'),
(7, 2, 4, '医疗费', 300.00, 1.00, 300.00, '2026-02-05', '药品费用', NULL, NULL, '2026-02-05 10:00:00')
;

-- 缴费记录表 (fee_payment) - 覆盖所有字段 - 使用 INSERT IGNORE 避免重复
INSERT IGNORE INTO `fee_payment` (`id`, `payment_no`, `bill_id`, `elderly_id`, `payment_amount`, `payment_method`, `payment_type`, `transaction_no`, `payer_name`, `payer_phone`, `receipt_no`, `status`, `remark`, `create_time`, `update_time`) VALUES
(1, 'PAY202602001', 1, 1, 6100.00, 3, 1, 'WX20260205001', '张伟', '13900139001', 'REC202602001', 1, '微信支付', '2026-02-05 10:00:00', '2026-02-05 10:00:00'),
(2, 'PAY202602002', 2, 2, 7100.00, 2, 1, 'BK20260206001', '李明', '13900139002', 'REC202602002', 1, '银行转账', '2026-02-06 14:00:00', '2026-02-06 14:00:00'),
(3, 'PAY202602003', 3, 3, 4000.00, 1, 1, NULL, '王强', '13900139003', 'REC202602003', 1, '现金缴费', '2026-02-15 10:00:00', '2026-02-15 10:00:00'),
(4, 'PAY202601001', 5, 1, 6100.00, 3, 1, 'WX20260108001', '张伟', '13900139001', 'REC202601001', 1, '1月缴费', '2026-01-08 09:00:00', '2026-01-08 09:00:00')
;

-- 发票记录表 (fee_invoice) - 覆盖所有字段 - 使用 INSERT IGNORE 避免重复
INSERT IGNORE INTO `fee_invoice` (`id`, `invoice_no`, `payment_id`, `elderly_id`, `invoice_type`, `invoice_title`, `tax_no`, `invoice_amount`, `invoice_content`, `status`, `invoice_time`, `operator_id`, `remark`, `create_time`, `update_time`) VALUES
(1, 'INV202602001', 1, 1, 1, '张建国', NULL, 6100.00, '养老公寓服务费', 1, '2026-02-05 10:30:00', 10, '2月发票', '2026-02-05 10:30:00', '2026-02-05 10:30:00'),
(2, 'INV202602002', 2, 2, 1, '李秀英', NULL, 7100.00, '养老公寓服务费', 1, '2026-02-06 14:30:00', 10, '2月发票', '2026-02-06 14:30:00', '2026-02-06 14:30:00'),
(3, 'INV202601001', 4, 1, 1, '张建国', NULL, 6100.00, '养老公寓服务费', 1, '2026-01-08 09:30:00', 10, '1月发票', '2026-01-08 09:30:00', '2026-01-08 09:30:00')
;

SET FOREIGN_KEY_CHECKS = 1;

-- ============================================
-- 测试数据插入完成
-- ============================================
SELECT '完整测试数据集插入完成！' AS message;
SELECT CONCAT('用户表: ', COUNT(*), ' 条记录') FROM `user`;
SELECT CONCAT('角色表: ', COUNT(*), ' 条记录') FROM `role`;
SELECT CONCAT('老人表: ', COUNT(*), ' 条记录') FROM `elderly`;
SELECT CONCAT('房间表: ', COUNT(*), ' 条记录') FROM `room`;
SELECT CONCAT('活动表: ', COUNT(*), ' 条记录') FROM `activity`;
SELECT CONCAT('活动报名: ', COUNT(*), ' 条记录') FROM `activity_signup`;
SELECT CONCAT('健康档案: ', COUNT(*), ' 条记录') FROM `health_record`;
SELECT CONCAT('健康数据: ', COUNT(*), ' 条记录') FROM `health_data`;
SELECT CONCAT('护理计划: ', COUNT(*), ' 条记录') FROM `care_plan`;
SELECT CONCAT('护理记录: ', COUNT(*), ' 条记录') FROM `care_record`;
SELECT CONCAT('菜品表: ', COUNT(*), ' 条记录') FROM `meal_menu`;
SELECT CONCAT('订餐记录: ', COUNT(*), ' 条记录') FROM `meal_order`;
SELECT CONCAT('费用账单: ', COUNT(*), ' 条记录') FROM `fee_bill`;
SELECT CONCAT('缴费记录: ', COUNT(*), ' 条记录') FROM `fee_payment`;